titulo;preco
Soumission;£50.10
Private Paris (Private #10);£47.61
We Love You, Charlie ...;£50.27
Thirst;£17.27
The Murder That Never ...;£54.11
Tuesday Nights in 1980;£21.04
The Vacationers;£42.15
The Regional Office Is ...;£51.36
Finders Keepers (Bill Hodges ...;£53.53
The Time Keeper;£27.88
The Testament of Mary;£52.67
The First Hostage (J.B. ...;£25.85
Take Me with You;£45.21
Still Life with Bread ...;£26.41
Shtum;£55.84
My Name Is Lucy ...;£41.56
My Mrs. Brown;£24.48
Mr. Mercedes (Bill Hodges ...;£28.90
I Am Pilgrim (Pilgrim ...;£10.60
